run_id,commit_sha,commit_message,status,workflow_duration,job_name,job_duration,step_name,step_status,step_started_at,step_completed_at,step_duration_seconds,test_count,test_failures,timestamp,artifact_size,failure_type
27095948645,19427f0,exp: pipeline com testes passando,success,36.0,tests,2026-06-07T14:55:09Z,Set up job,completed,2026-06-07T14:54:37Z,2026-06-07T14:54:37Z,0.0,0,0,2026-06-07T14:54:34Z,410,
27095948645,19427f0,exp: pipeline com testes passando,success,36.0,tests,2026-06-07T14:55:09Z,Checkout código,completed,2026-06-07T14:54:37Z,2026-06-07T14:54:38Z,1.0,0,0,2026-06-07T14:54:34Z,410,
27095948645,19427f0,exp: pipeline com testes passando,success,36.0,tests,2026-06-07T14:55:09Z,Setup Python,completed,2026-06-07T14:54:38Z,2026-06-07T14:54:41Z,3.0,0,0,2026-06-07T14:54:34Z,410,
27095948645,19427f0,exp: pipeline com testes passando,success,36.0,tests,2026-06-07T14:55:09Z,Instalar dependências,completed,2026-06-07T14:54:41Z,2026-06-07T14:55:01Z,20.0,0,0,2026-06-07T14:54:34Z,410,
27095948645,19427f0,exp: pipeline com testes passando,success,36.0,tests,2026-06-07T14:55:09Z,Executar testes,completed,2026-06-07T14:55:01Z,2026-06-07T14:55:07Z,6.0,0,0,2026-06-07T14:54:34Z,410,
27095948645,19427f0,exp: pipeline com testes passando,success,36.0,tests,2026-06-07T14:55:09Z,Gerar artefato com resultados,completed,2026-06-07T14:55:07Z,2026-06-07T14:55:08Z,1.0,0,0,2026-06-07T14:54:34Z,410,
27095948645,19427f0,exp: pipeline com testes passando,success,36.0,tests,2026-06-07T14:55:09Z,Post Setup Python,completed,2026-06-07T14:55:08Z,2026-06-07T14:55:08Z,0.0,0,0,2026-06-07T14:54:34Z,410,
27095948645,19427f0,exp: pipeline com testes passando,success,36.0,tests,2026-06-07T14:55:09Z,Post Checkout código,completed,2026-06-07T14:55:08Z,2026-06-07T14:55:08Z,0.0,0,0,2026-06-07T14:54:34Z,410,
27095948645,19427f0,exp: pipeline com testes passando,success,36.0,tests,2026-06-07T14:55:09Z,Complete job,completed,2026-06-07T14:55:08Z,2026-06-07T14:55:08Z,0.0,0,0,2026-06-07T14:54:34Z,410,
27095948645,19427f0,exp: pipeline com testes passando,success,36.0,lint,2026-06-07T14:55:02Z,Set up job,completed,2026-06-07T14:54:37Z,2026-06-07T14:54:38Z,1.0,0,0,2026-06-07T14:54:34Z,410,
27095948645,19427f0,exp: pipeline com testes passando,success,36.0,lint,2026-06-07T14:55:02Z,Checkout código,completed,2026-06-07T14:54:38Z,2026-06-07T14:54:39Z,1.0,0,0,2026-06-07T14:54:34Z,410,
27095948645,19427f0,exp: pipeline com testes passando,success,36.0,lint,2026-06-07T14:55:02Z,Setup Python,completed,2026-06-07T14:54:39Z,2026-06-07T14:54:41Z,2.0,0,0,2026-06-07T14:54:34Z,410,
27095948645,19427f0,exp: pipeline com testes passando,success,36.0,lint,2026-06-07T14:55:02Z,Instalar dependências,completed,2026-06-07T14:54:41Z,2026-06-07T14:54:59Z,18.0,0,0,2026-06-07T14:54:34Z,410,
27095948645,19427f0,exp: pipeline com testes passando,success,36.0,lint,2026-06-07T14:55:02Z,Lint com flake8,completed,2026-06-07T14:54:59Z,2026-06-07T14:54:59Z,0.0,0,0,2026-06-07T14:54:34Z,410,
27095948645,19427f0,exp: pipeline com testes passando,success,36.0,lint,2026-06-07T14:55:02Z,Post Setup Python,completed,2026-06-07T14:54:59Z,2026-06-07T14:54:59Z,0.0,0,0,2026-06-07T14:54:34Z,410,
27095948645,19427f0,exp: pipeline com testes passando,success,36.0,lint,2026-06-07T14:55:02Z,Post Checkout código,completed,2026-06-07T14:54:59Z,2026-06-07T14:54:59Z,0.0,0,0,2026-06-07T14:54:34Z,410,
27095948645,19427f0,exp: pipeline com testes passando,success,36.0,lint,2026-06-07T14:55:02Z,Complete job,completed,2026-06-07T14:54:59Z,2026-06-07T14:54:59Z,0.0,0,0,2026-06-07T14:54:34Z,410,
27095909785,db2f504,exp: teste que consome muita memoria,success,39.0,lint,2026-06-07T14:53:29Z,Set up job,completed,2026-06-07T14:53:00Z,2026-06-07T14:53:01Z,1.0,0,0,2026-06-07T14:52:56Z,427,
27095909785,db2f504,exp: teste que consome muita memoria,success,39.0,lint,2026-06-07T14:53:29Z,Checkout código,completed,2026-06-07T14:53:01Z,2026-06-07T14:53:02Z,1.0,0,0,2026-06-07T14:52:56Z,427,
27095909785,db2f504,exp: teste que consome muita memoria,success,39.0,lint,2026-06-07T14:53:29Z,Setup Python,completed,2026-06-07T14:53:02Z,2026-06-07T14:53:06Z,4.0,0,0,2026-06-07T14:52:56Z,427,
27095909785,db2f504,exp: teste que consome muita memoria,success,39.0,lint,2026-06-07T14:53:29Z,Instalar dependências,completed,2026-06-07T14:53:06Z,2026-06-07T14:53:25Z,19.0,0,0,2026-06-07T14:52:56Z,427,
27095909785,db2f504,exp: teste que consome muita memoria,success,39.0,lint,2026-06-07T14:53:29Z,Lint com flake8,completed,2026-06-07T14:53:25Z,2026-06-07T14:53:26Z,1.0,0,0,2026-06-07T14:52:56Z,427,
27095909785,db2f504,exp: teste que consome muita memoria,success,39.0,lint,2026-06-07T14:53:29Z,Post Setup Python,completed,2026-06-07T14:53:26Z,2026-06-07T14:53:26Z,0.0,0,0,2026-06-07T14:52:56Z,427,
27095909785,db2f504,exp: teste que consome muita memoria,success,39.0,lint,2026-06-07T14:53:29Z,Post Checkout código,completed,2026-06-07T14:53:26Z,2026-06-07T14:53:26Z,0.0,0,0,2026-06-07T14:52:56Z,427,
27095909785,db2f504,exp: teste que consome muita memoria,success,39.0,lint,2026-06-07T14:53:29Z,Complete job,completed,2026-06-07T14:53:26Z,2026-06-07T14:53:26Z,0.0,0,0,2026-06-07T14:52:56Z,427,
27095909785,db2f504,exp: teste que consome muita memoria,success,39.0,tests,2026-06-07T14:53:34Z,Set up job,completed,2026-06-07T14:52:59Z,2026-06-07T14:53:00Z,1.0,0,0,2026-06-07T14:52:56Z,427,
27095909785,db2f504,exp: teste que consome muita memoria,success,39.0,tests,2026-06-07T14:53:34Z,Checkout código,completed,2026-06-07T14:53:00Z,2026-06-07T14:53:01Z,1.0,0,0,2026-06-07T14:52:56Z,427,
27095909785,db2f504,exp: teste que consome muita memoria,success,39.0,tests,2026-06-07T14:53:34Z,Setup Python,completed,2026-06-07T14:53:01Z,2026-06-07T14:53:04Z,3.0,0,0,2026-06-07T14:52:56Z,427,
27095909785,db2f504,exp: teste que consome muita memoria,success,39.0,tests,2026-06-07T14:53:34Z,Instalar dependências,completed,2026-06-07T14:53:04Z,2026-06-07T14:53:23Z,19.0,0,0,2026-06-07T14:52:56Z,427,
27095909785,db2f504,exp: teste que consome muita memoria,success,39.0,tests,2026-06-07T14:53:34Z,Executar testes,completed,2026-06-07T14:53:23Z,2026-06-07T14:53:30Z,7.0,0,0,2026-06-07T14:52:56Z,427,
27095909785,db2f504,exp: teste que consome muita memoria,success,39.0,tests,2026-06-07T14:53:34Z,Gerar artefato com resultados,completed,2026-06-07T14:53:30Z,2026-06-07T14:53:31Z,1.0,0,0,2026-06-07T14:52:56Z,427,
27095909785,db2f504,exp: teste que consome muita memoria,success,39.0,tests,2026-06-07T14:53:34Z,Post Setup Python,completed,2026-06-07T14:53:31Z,2026-06-07T14:53:31Z,0.0,0,0,2026-06-07T14:52:56Z,427,
27095909785,db2f504,exp: teste que consome muita memoria,success,39.0,tests,2026-06-07T14:53:34Z,Post Checkout código,completed,2026-06-07T14:53:31Z,2026-06-07T14:53:31Z,0.0,0,0,2026-06-07T14:52:56Z,427,
27095909785,db2f504,exp: teste que consome muita memoria,success,39.0,tests,2026-06-07T14:53:34Z,Complete job,completed,2026-06-07T14:53:31Z,2026-06-07T14:53:31Z,0.0,0,0,2026-06-07T14:52:56Z,427,
27095595987,e206ca3,exp: pipeline sem testes,failure,29.0,tests,2026-06-07T14:40:18Z,Set up job,completed,2026-06-07T14:39:53Z,2026-06-07T14:39:53Z,0.0,,1,2026-06-07T14:39:50Z,0,test_failure
27095595987,e206ca3,exp: pipeline sem testes,failure,29.0,tests,2026-06-07T14:40:18Z,Checkout código,completed,2026-06-07T14:39:54Z,2026-06-07T14:39:54Z,0.0,,1,2026-06-07T14:39:50Z,0,test_failure
27095595987,e206ca3,exp: pipeline sem testes,failure,29.0,tests,2026-06-07T14:40:18Z,Setup Python,completed,2026-06-07T14:39:54Z,2026-06-07T14:39:56Z,2.0,,1,2026-06-07T14:39:50Z,0,test_failure
27095595987,e206ca3,exp: pipeline sem testes,failure,29.0,tests,2026-06-07T14:40:18Z,Instalar dependências,completed,2026-06-07T14:39:56Z,2026-06-07T14:40:15Z,19.0,,1,2026-06-07T14:39:50Z,0,test_failure
27095595987,e206ca3,exp: pipeline sem testes,failure,29.0,tests,2026-06-07T14:40:18Z,Executar testes,completed,2026-06-07T14:40:15Z,2026-06-07T14:40:16Z,1.0,,1,2026-06-07T14:39:50Z,0,test_failure
27095595987,e206ca3,exp: pipeline sem testes,failure,29.0,tests,2026-06-07T14:40:18Z,Gerar artefato com resultados,completed,2026-06-07T14:40:16Z,2026-06-07T14:40:16Z,0.0,,1,2026-06-07T14:39:50Z,0,test_failure
27095595987,e206ca3,exp: pipeline sem testes,failure,29.0,tests,2026-06-07T14:40:18Z,Post Setup Python,completed,2026-06-07T14:40:16Z,2026-06-07T14:40:16Z,0.0,,1,2026-06-07T14:39:50Z,0,test_failure
27095595987,e206ca3,exp: pipeline sem testes,failure,29.0,tests,2026-06-07T14:40:18Z,Post Checkout código,completed,2026-06-07T14:40:16Z,2026-06-07T14:40:16Z,0.0,,1,2026-06-07T14:39:50Z,0,test_failure
27095595987,e206ca3,exp: pipeline sem testes,failure,29.0,tests,2026-06-07T14:40:18Z,Complete job,completed,2026-06-07T14:40:16Z,2026-06-07T14:40:16Z,0.0,,1,2026-06-07T14:39:50Z,0,test_failure
27095595987,e206ca3,exp: pipeline sem testes,failure,29.0,lint,2026-06-07T14:40:10Z,Set up job,completed,2026-06-07T14:39:53Z,2026-06-07T14:39:53Z,0.0,,1,2026-06-07T14:39:50Z,0,test_failure
27095595987,e206ca3,exp: pipeline sem testes,failure,29.0,lint,2026-06-07T14:40:10Z,Checkout código,completed,2026-06-07T14:39:53Z,2026-06-07T14:39:54Z,1.0,,1,2026-06-07T14:39:50Z,0,test_failure
27095595987,e206ca3,exp: pipeline sem testes,failure,29.0,lint,2026-06-07T14:40:10Z,Setup Python,completed,2026-06-07T14:39:54Z,2026-06-07T14:39:56Z,2.0,,1,2026-06-07T14:39:50Z,0,test_failure
27095595987,e206ca3,exp: pipeline sem testes,failure,29.0,lint,2026-06-07T14:40:10Z,Instalar dependências,completed,2026-06-07T14:39:56Z,2026-06-07T14:40:07Z,11.0,,1,2026-06-07T14:39:50Z,0,test_failure
27095595987,e206ca3,exp: pipeline sem testes,failure,29.0,lint,2026-06-07T14:40:10Z,Lint com flake8,completed,2026-06-07T14:40:07Z,2026-06-07T14:40:07Z,0.0,,1,2026-06-07T14:39:50Z,0,test_failure
27095595987,e206ca3,exp: pipeline sem testes,failure,29.0,lint,2026-06-07T14:40:10Z,Post Setup Python,completed,2026-06-07T14:40:07Z,2026-06-07T14:40:07Z,0.0,,1,2026-06-07T14:39:50Z,0,test_failure
27095595987,e206ca3,exp: pipeline sem testes,failure,29.0,lint,2026-06-07T14:40:10Z,Post Checkout código,completed,2026-06-07T14:40:07Z,2026-06-07T14:40:08Z,1.0,,1,2026-06-07T14:39:50Z,0,test_failure
27095595987,e206ca3,exp: pipeline sem testes,failure,29.0,lint,2026-06-07T14:40:10Z,Complete job,completed,2026-06-07T14:40:08Z,2026-06-07T14:40:08Z,0.0,,1,2026-06-07T14:39:50Z,0,test_failure
27095465456,a555129,exp: roda testes em sequencia,success,62.0,tests,2026-06-07T14:34:44Z,Set up job,completed,2026-06-07T14:34:16Z,2026-06-07T14:34:17Z,1.0,0,0,2026-06-07T14:34:13Z,412,
27095465456,a555129,exp: roda testes em sequencia,success,62.0,tests,2026-06-07T14:34:44Z,Checkout código,completed,2026-06-07T14:34:17Z,2026-06-07T14:34:17Z,0.0,0,0,2026-06-07T14:34:13Z,412,
27095465456,a555129,exp: roda testes em sequencia,success,62.0,tests,2026-06-07T14:34:44Z,Setup Python,completed,2026-06-07T14:34:17Z,2026-06-07T14:34:18Z,1.0,0,0,2026-06-07T14:34:13Z,412,
27095465456,a555129,exp: roda testes em sequencia,success,62.0,tests,2026-06-07T14:34:44Z,Instalar dependências,completed,2026-06-07T14:34:18Z,2026-06-07T14:34:36Z,18.0,0,0,2026-06-07T14:34:13Z,412,
27095465456,a555129,exp: roda testes em sequencia,success,62.0,tests,2026-06-07T14:34:44Z,Executar testes,completed,2026-06-07T14:34:36Z,2026-06-07T14:34:43Z,7.0,0,0,2026-06-07T14:34:13Z,412,
27095465456,a555129,exp: roda testes em sequencia,success,62.0,tests,2026-06-07T14:34:44Z,Gerar artefato com resultados,completed,2026-06-07T14:34:43Z,2026-06-07T14:34:43Z,0.0,0,0,2026-06-07T14:34:13Z,412,
27095465456,a555129,exp: roda testes em sequencia,success,62.0,tests,2026-06-07T14:34:44Z,Post Setup Python,completed,2026-06-07T14:34:43Z,2026-06-07T14:34:43Z,0.0,0,0,2026-06-07T14:34:13Z,412,
27095465456,a555129,exp: roda testes em sequencia,success,62.0,tests,2026-06-07T14:34:44Z,Post Checkout código,completed,2026-06-07T14:34:43Z,2026-06-07T14:34:44Z,1.0,0,0,2026-06-07T14:34:13Z,412,
27095465456,a555129,exp: roda testes em sequencia,success,62.0,tests,2026-06-07T14:34:44Z,Complete job,completed,2026-06-07T14:34:44Z,2026-06-07T14:34:44Z,0.0,0,0,2026-06-07T14:34:13Z,412,
27095465456,a555129,exp: roda testes em sequencia,success,62.0,lint,2026-06-07T14:35:14Z,Set up job,completed,2026-06-07T14:34:48Z,2026-06-07T14:34:49Z,1.0,0,0,2026-06-07T14:34:13Z,412,
27095465456,a555129,exp: roda testes em sequencia,success,62.0,lint,2026-06-07T14:35:14Z,Checkout código,completed,2026-06-07T14:34:49Z,2026-06-07T14:34:50Z,1.0,0,0,2026-06-07T14:34:13Z,412,
27095465456,a555129,exp: roda testes em sequencia,success,62.0,lint,2026-06-07T14:35:14Z,Setup Python,completed,2026-06-07T14:34:50Z,2026-06-07T14:34:53Z,3.0,0,0,2026-06-07T14:34:13Z,412,
27095465456,a555129,exp: roda testes em sequencia,success,62.0,lint,2026-06-07T14:35:14Z,Instalar dependências,completed,2026-06-07T14:34:53Z,2026-06-07T14:35:11Z,18.0,0,0,2026-06-07T14:34:13Z,412,
27095465456,a555129,exp: roda testes em sequencia,success,62.0,lint,2026-06-07T14:35:14Z,Lint com flake8,completed,2026-06-07T14:35:11Z,2026-06-07T14:35:11Z,0.0,0,0,2026-06-07T14:34:13Z,412,
27095465456,a555129,exp: roda testes em sequencia,success,62.0,lint,2026-06-07T14:35:14Z,Post Setup Python,completed,2026-06-07T14:35:11Z,2026-06-07T14:35:11Z,0.0,0,0,2026-06-07T14:34:13Z,412,
27095465456,a555129,exp: roda testes em sequencia,success,62.0,lint,2026-06-07T14:35:14Z,Post Checkout código,completed,2026-06-07T14:35:11Z,2026-06-07T14:35:11Z,0.0,0,0,2026-06-07T14:34:13Z,412,
27095465456,a555129,exp: roda testes em sequencia,success,62.0,lint,2026-06-07T14:35:14Z,Complete job,completed,2026-06-07T14:35:11Z,2026-06-07T14:35:11Z,0.0,0,0,2026-06-07T14:34:13Z,412,
27095372028,a65917c,exp: altera ordem de jobs,success,32.0,tests,2026-06-07T14:30:51Z,Set up job,completed,2026-06-07T14:30:23Z,2026-06-07T14:30:23Z,0.0,0,0,2026-06-07T14:30:20Z,411,
27095372028,a65917c,exp: altera ordem de jobs,success,32.0,tests,2026-06-07T14:30:51Z,Checkout código,completed,2026-06-07T14:30:24Z,2026-06-07T14:30:24Z,0.0,0,0,2026-06-07T14:30:20Z,411,
27095372028,a65917c,exp: altera ordem de jobs,success,32.0,tests,2026-06-07T14:30:51Z,Setup Python,completed,2026-06-07T14:30:24Z,2026-06-07T14:30:25Z,1.0,0,0,2026-06-07T14:30:20Z,411,
27095372028,a65917c,exp: altera ordem de jobs,success,32.0,tests,2026-06-07T14:30:51Z,Instalar dependências,completed,2026-06-07T14:30:25Z,2026-06-07T14:30:43Z,18.0,0,0,2026-06-07T14:30:20Z,411,
27095372028,a65917c,exp: altera ordem de jobs,success,32.0,tests,2026-06-07T14:30:51Z,Executar testes,completed,2026-06-07T14:30:43Z,2026-06-07T14:30:49Z,6.0,0,0,2026-06-07T14:30:20Z,411,
27095372028,a65917c,exp: altera ordem de jobs,success,32.0,tests,2026-06-07T14:30:51Z,Gerar artefato com resultados,completed,2026-06-07T14:30:49Z,2026-06-07T14:30:50Z,1.0,0,0,2026-06-07T14:30:20Z,411,
27095372028,a65917c,exp: altera ordem de jobs,success,32.0,tests,2026-06-07T14:30:51Z,Post Setup Python,completed,2026-06-07T14:30:50Z,2026-06-07T14:30:50Z,0.0,0,0,2026-06-07T14:30:20Z,411,
27095372028,a65917c,exp: altera ordem de jobs,success,32.0,tests,2026-06-07T14:30:51Z,Post Checkout código,completed,2026-06-07T14:30:50Z,2026-06-07T14:30:50Z,0.0,0,0,2026-06-07T14:30:20Z,411,
27095372028,a65917c,exp: altera ordem de jobs,success,32.0,tests,2026-06-07T14:30:51Z,Complete job,completed,2026-06-07T14:30:50Z,2026-06-07T14:30:50Z,0.0,0,0,2026-06-07T14:30:20Z,411,
27095372028,a65917c,exp: altera ordem de jobs,success,32.0,lint,2026-06-07T14:30:46Z,Set up job,completed,2026-06-07T14:30:23Z,2026-06-07T14:30:24Z,1.0,0,0,2026-06-07T14:30:20Z,411,
27095372028,a65917c,exp: altera ordem de jobs,success,32.0,lint,2026-06-07T14:30:46Z,Checkout código,completed,2026-06-07T14:30:24Z,2026-06-07T14:30:24Z,0.0,0,0,2026-06-07T14:30:20Z,411,
27095372028,a65917c,exp: altera ordem de jobs,success,32.0,lint,2026-06-07T14:30:46Z,Setup Python,completed,2026-06-07T14:30:24Z,2026-06-07T14:30:26Z,2.0,0,0,2026-06-07T14:30:20Z,411,
27095372028,a65917c,exp: altera ordem de jobs,success,32.0,lint,2026-06-07T14:30:46Z,Instalar dependências,completed,2026-06-07T14:30:26Z,2026-06-07T14:30:43Z,17.0,0,0,2026-06-07T14:30:20Z,411,
27095372028,a65917c,exp: altera ordem de jobs,success,32.0,lint,2026-06-07T14:30:46Z,Lint com flake8,completed,2026-06-07T14:30:43Z,2026-06-07T14:30:44Z,1.0,0,0,2026-06-07T14:30:20Z,411,
27095372028,a65917c,exp: altera ordem de jobs,success,32.0,lint,2026-06-07T14:30:46Z,Post Setup Python,completed,2026-06-07T14:30:44Z,2026-06-07T14:30:44Z,0.0,0,0,2026-06-07T14:30:20Z,411,
27095372028,a65917c,exp: altera ordem de jobs,success,32.0,lint,2026-06-07T14:30:46Z,Post Checkout código,completed,2026-06-07T14:30:44Z,2026-06-07T14:30:44Z,0.0,0,0,2026-06-07T14:30:20Z,411,
27095372028,a65917c,exp: altera ordem de jobs,success,32.0,lint,2026-06-07T14:30:46Z,Complete job,completed,2026-06-07T14:30:44Z,2026-06-07T14:30:44Z,0.0,0,0,2026-06-07T14:30:20Z,411,
27095241514,05f2b19,exp: teste lento (30 segundos),success,67.0,lint,2026-06-07T14:25:16Z,Set up job,completed,2026-06-07T14:24:51Z,2026-06-07T14:24:52Z,1.0,0,0,2026-06-07T14:24:48Z,413,
27095241514,05f2b19,exp: teste lento (30 segundos),success,67.0,lint,2026-06-07T14:25:16Z,Checkout código,completed,2026-06-07T14:24:52Z,2026-06-07T14:24:52Z,0.0,0,0,2026-06-07T14:24:48Z,413,
27095241514,05f2b19,exp: teste lento (30 segundos),success,67.0,lint,2026-06-07T14:25:16Z,Setup Python,completed,2026-06-07T14:24:52Z,2026-06-07T14:24:54Z,2.0,0,0,2026-06-07T14:24:48Z,413,
27095241514,05f2b19,exp: teste lento (30 segundos),success,67.0,lint,2026-06-07T14:25:16Z,Instalar dependências,completed,2026-06-07T14:24:54Z,2026-06-07T14:25:13Z,19.0,0,0,2026-06-07T14:24:48Z,413,
27095241514,05f2b19,exp: teste lento (30 segundos),success,67.0,lint,2026-06-07T14:25:16Z,Lint com flake8,completed,2026-06-07T14:25:13Z,2026-06-07T14:25:14Z,1.0,0,0,2026-06-07T14:24:48Z,413,
27095241514,05f2b19,exp: teste lento (30 segundos),success,67.0,lint,2026-06-07T14:25:16Z,Post Setup Python,completed,2026-06-07T14:25:14Z,2026-06-07T14:25:14Z,0.0,0,0,2026-06-07T14:24:48Z,413,
27095241514,05f2b19,exp: teste lento (30 segundos),success,67.0,lint,2026-06-07T14:25:16Z,Post Checkout código,completed,2026-06-07T14:25:14Z,2026-06-07T14:25:14Z,0.0,0,0,2026-06-07T14:24:48Z,413,
27095241514,05f2b19,exp: teste lento (30 segundos),success,67.0,lint,2026-06-07T14:25:16Z,Complete job,completed,2026-06-07T14:25:14Z,2026-06-07T14:25:14Z,0.0,0,0,2026-06-07T14:24:48Z,413,
27095241514,05f2b19,exp: teste lento (30 segundos),success,67.0,tests,2026-06-07T14:25:54Z,Set up job,completed,2026-06-07T14:24:53Z,2026-06-07T14:24:54Z,1.0,0,0,2026-06-07T14:24:48Z,413,
27095241514,05f2b19,exp: teste lento (30 segundos),success,67.0,tests,2026-06-07T14:25:54Z,Checkout código,completed,2026-06-07T14:24:54Z,2026-06-07T14:24:54Z,0.0,0,0,2026-06-07T14:24:48Z,413,
27095241514,05f2b19,exp: teste lento (30 segundos),success,67.0,tests,2026-06-07T14:25:54Z,Setup Python,completed,2026-06-07T14:24:54Z,2026-06-07T14:24:58Z,4.0,0,0,2026-06-07T14:24:48Z,413,
27095241514,05f2b19,exp: teste lento (30 segundos),success,67.0,tests,2026-06-07T14:25:54Z,Instalar dependências,completed,2026-06-07T14:24:58Z,2026-06-07T14:25:17Z,19.0,0,0,2026-06-07T14:24:48Z,413,
27095241514,05f2b19,exp: teste lento (30 segundos),success,67.0,tests,2026-06-07T14:25:54Z,Executar testes,completed,2026-06-07T14:25:17Z,2026-06-07T14:25:50Z,33.0,0,0,2026-06-07T14:24:48Z,413,
27095241514,05f2b19,exp: teste lento (30 segundos),success,67.0,tests,2026-06-07T14:25:54Z,Gerar artefato com resultados,completed,2026-06-07T14:25:50Z,2026-06-07T14:25:52Z,2.0,0,0,2026-06-07T14:24:48Z,413,
27095241514,05f2b19,exp: teste lento (30 segundos),success,67.0,tests,2026-06-07T14:25:54Z,Post Setup Python,completed,2026-06-07T14:25:52Z,2026-06-07T14:25:52Z,0.0,0,0,2026-06-07T14:24:48Z,413,
27095241514,05f2b19,exp: teste lento (30 segundos),success,67.0,tests,2026-06-07T14:25:54Z,Post Checkout código,completed,2026-06-07T14:25:52Z,2026-06-07T14:25:52Z,0.0,0,0,2026-06-07T14:24:48Z,413,
27095241514,05f2b19,exp: teste lento (30 segundos),success,67.0,tests,2026-06-07T14:25:54Z,Complete job,completed,2026-06-07T14:25:52Z,2026-06-07T14:25:52Z,0.0,0,0,2026-06-07T14:24:48Z,413,
27095230828,7dd2851,exp: teste lento (15 segundos),success,45.0,tests,2026-06-07T14:25:05Z,Set up job,completed,2026-06-07T14:24:24Z,2026-06-07T14:24:25Z,1.0,0,0,2026-06-07T14:24:21Z,412,
27095230828,7dd2851,exp: teste lento (15 segundos),success,45.0,tests,2026-06-07T14:25:05Z,Checkout código,completed,2026-06-07T14:24:25Z,2026-06-07T14:24:25Z,0.0,0,0,2026-06-07T14:24:21Z,412,
27095230828,7dd2851,exp: teste lento (15 segundos),success,45.0,tests,2026-06-07T14:25:05Z,Setup Python,completed,2026-06-07T14:24:25Z,2026-06-07T14:24:27Z,2.0,0,0,2026-06-07T14:24:21Z,412,
27095230828,7dd2851,exp: teste lento (15 segundos),success,45.0,tests,2026-06-07T14:25:05Z,Instalar dependências,completed,2026-06-07T14:24:27Z,2026-06-07T14:24:45Z,18.0,0,0,2026-06-07T14:24:21Z,412,
27095230828,7dd2851,exp: teste lento (15 segundos),success,45.0,tests,2026-06-07T14:25:05Z,Executar testes,completed,2026-06-07T14:24:45Z,2026-06-07T14:25:03Z,18.0,0,0,2026-06-07T14:24:21Z,412,
27095230828,7dd2851,exp: teste lento (15 segundos),success,45.0,tests,2026-06-07T14:25:05Z,Gerar artefato com resultados,completed,2026-06-07T14:25:03Z,2026-06-07T14:25:04Z,1.0,0,0,2026-06-07T14:24:21Z,412,
27095230828,7dd2851,exp: teste lento (15 segundos),success,45.0,tests,2026-06-07T14:25:05Z,Post Setup Python,completed,2026-06-07T14:25:04Z,2026-06-07T14:25:04Z,0.0,0,0,2026-06-07T14:24:21Z,412,
27095230828,7dd2851,exp: teste lento (15 segundos),success,45.0,tests,2026-06-07T14:25:05Z,Post Checkout código,completed,2026-06-07T14:25:04Z,2026-06-07T14:25:04Z,0.0,0,0,2026-06-07T14:24:21Z,412,
27095230828,7dd2851,exp: teste lento (15 segundos),success,45.0,tests,2026-06-07T14:25:05Z,Complete job,completed,2026-06-07T14:25:04Z,2026-06-07T14:25:04Z,0.0,0,0,2026-06-07T14:24:21Z,412,
27095230828,7dd2851,exp: teste lento (15 segundos),success,45.0,lint,2026-06-07T14:24:48Z,Set up job,completed,2026-06-07T14:24:24Z,2026-06-07T14:24:24Z,0.0,0,0,2026-06-07T14:24:21Z,412,
27095230828,7dd2851,exp: teste lento (15 segundos),success,45.0,lint,2026-06-07T14:24:48Z,Checkout código,completed,2026-06-07T14:24:24Z,2026-06-07T14:24:25Z,1.0,0,0,2026-06-07T14:24:21Z,412,
27095230828,7dd2851,exp: teste lento (15 segundos),success,45.0,lint,2026-06-07T14:24:48Z,Setup Python,completed,2026-06-07T14:24:25Z,2026-06-07T14:24:28Z,3.0,0,0,2026-06-07T14:24:21Z,412,
27095230828,7dd2851,exp: teste lento (15 segundos),success,45.0,lint,2026-06-07T14:24:48Z,Instalar dependências,completed,2026-06-07T14:24:28Z,2026-06-07T14:24:45Z,17.0,0,0,2026-06-07T14:24:21Z,412,
27095230828,7dd2851,exp: teste lento (15 segundos),success,45.0,lint,2026-06-07T14:24:48Z,Lint com flake8,completed,2026-06-07T14:24:45Z,2026-06-07T14:24:46Z,1.0,0,0,2026-06-07T14:24:21Z,412,
27095230828,7dd2851,exp: teste lento (15 segundos),success,45.0,lint,2026-06-07T14:24:48Z,Post Setup Python,completed,2026-06-07T14:24:46Z,2026-06-07T14:24:46Z,0.0,0,0,2026-06-07T14:24:21Z,412,
27095230828,7dd2851,exp: teste lento (15 segundos),success,45.0,lint,2026-06-07T14:24:48Z,Post Checkout código,completed,2026-06-07T14:24:46Z,2026-06-07T14:24:46Z,0.0,0,0,2026-06-07T14:24:21Z,412,
27095230828,7dd2851,exp: teste lento (15 segundos),success,45.0,lint,2026-06-07T14:24:48Z,Complete job,completed,2026-06-07T14:24:46Z,2026-06-07T14:24:46Z,0.0,0,0,2026-06-07T14:24:21Z,412,
27095220609,41efb57,exp: teste lento (5 segundos),success,41.0,tests,2026-06-07T14:24:32Z,Set up job,completed,2026-06-07T14:23:55Z,2026-06-07T14:23:56Z,1.0,0,0,2026-06-07T14:23:52Z,411,
27095220609,41efb57,exp: teste lento (5 segundos),success,41.0,tests,2026-06-07T14:24:32Z,Checkout código,completed,2026-06-07T14:23:56Z,2026-06-07T14:23:57Z,1.0,0,0,2026-06-07T14:23:52Z,411,
27095220609,41efb57,exp: teste lento (5 segundos),success,41.0,tests,2026-06-07T14:24:32Z,Setup Python,completed,2026-06-07T14:23:57Z,2026-06-07T14:24:01Z,4.0,0,0,2026-06-07T14:23:52Z,411,
27095220609,41efb57,exp: teste lento (5 segundos),success,41.0,tests,2026-06-07T14:24:32Z,Instalar dependências,completed,2026-06-07T14:24:01Z,2026-06-07T14:24:19Z,18.0,0,0,2026-06-07T14:23:52Z,411,
27095220609,41efb57,exp: teste lento (5 segundos),success,41.0,tests,2026-06-07T14:24:32Z,Executar testes,completed,2026-06-07T14:24:19Z,2026-06-07T14:24:28Z,9.0,0,0,2026-06-07T14:23:52Z,411,
27095220609,41efb57,exp: teste lento (5 segundos),success,41.0,tests,2026-06-07T14:24:32Z,Gerar artefato com resultados,completed,2026-06-07T14:24:28Z,2026-06-07T14:24:29Z,1.0,0,0,2026-06-07T14:23:52Z,411,
27095220609,41efb57,exp: teste lento (5 segundos),success,41.0,tests,2026-06-07T14:24:32Z,Post Setup Python,completed,2026-06-07T14:24:29Z,2026-06-07T14:24:29Z,0.0,0,0,2026-06-07T14:23:52Z,411,
27095220609,41efb57,exp: teste lento (5 segundos),success,41.0,tests,2026-06-07T14:24:32Z,Post Checkout código,completed,2026-06-07T14:24:29Z,2026-06-07T14:24:29Z,0.0,0,0,2026-06-07T14:23:52Z,411,
27095220609,41efb57,exp: teste lento (5 segundos),success,41.0,tests,2026-06-07T14:24:32Z,Complete job,completed,2026-06-07T14:24:29Z,2026-06-07T14:24:29Z,0.0,0,0,2026-06-07T14:23:52Z,411,
27095220609,41efb57,exp: teste lento (5 segundos),success,41.0,lint,2026-06-07T14:24:17Z,Set up job,completed,2026-06-07T14:23:55Z,2026-06-07T14:23:56Z,1.0,0,0,2026-06-07T14:23:52Z,411,
27095220609,41efb57,exp: teste lento (5 segundos),success,41.0,lint,2026-06-07T14:24:17Z,Checkout código,completed,2026-06-07T14:23:56Z,2026-06-07T14:23:56Z,0.0,0,0,2026-06-07T14:23:52Z,411,
27095220609,41efb57,exp: teste lento (5 segundos),success,41.0,lint,2026-06-07T14:24:17Z,Setup Python,completed,2026-06-07T14:23:56Z,2026-06-07T14:23:59Z,3.0,0,0,2026-06-07T14:23:52Z,411,
27095220609,41efb57,exp: teste lento (5 segundos),success,41.0,lint,2026-06-07T14:24:17Z,Instalar dependências,completed,2026-06-07T14:23:59Z,2026-06-07T14:24:14Z,15.0,0,0,2026-06-07T14:23:52Z,411,
27095220609,41efb57,exp: teste lento (5 segundos),success,41.0,lint,2026-06-07T14:24:17Z,Lint com flake8,completed,2026-06-07T14:24:14Z,2026-06-07T14:24:14Z,0.0,0,0,2026-06-07T14:23:52Z,411,
27095220609,41efb57,exp: teste lento (5 segundos),success,41.0,lint,2026-06-07T14:24:17Z,Post Setup Python,completed,2026-06-07T14:24:14Z,2026-06-07T14:24:15Z,1.0,0,0,2026-06-07T14:23:52Z,411,
27095220609,41efb57,exp: teste lento (5 segundos),success,41.0,lint,2026-06-07T14:24:17Z,Post Checkout código,completed,2026-06-07T14:24:15Z,2026-06-07T14:24:15Z,0.0,0,0,2026-06-07T14:23:52Z,411,
27095220609,41efb57,exp: teste lento (5 segundos),success,41.0,lint,2026-06-07T14:24:17Z,Complete job,completed,2026-06-07T14:24:15Z,2026-06-07T14:24:15Z,0.0,0,0,2026-06-07T14:23:52Z,411,
27095126439,b083c6b,exp: requirements quebrado (lib fake),failure,14.0,tests,2026-06-07T14:20:12Z,Set up job,completed,2026-06-07T14:20:02Z,2026-06-07T14:20:03Z,1.0,,1,2026-06-07T14:19:59Z,0,setup_failure
27095126439,b083c6b,exp: requirements quebrado (lib fake),failure,14.0,tests,2026-06-07T14:20:12Z,Checkout código,completed,2026-06-07T14:20:03Z,2026-06-07T14:20:03Z,0.0,,1,2026-06-07T14:19:59Z,0,setup_failure
27095126439,b083c6b,exp: requirements quebrado (lib fake),failure,14.0,tests,2026-06-07T14:20:12Z,Setup Python,completed,2026-06-07T14:20:03Z,2026-06-07T14:20:06Z,3.0,,1,2026-06-07T14:19:59Z,0,setup_failure
27095126439,b083c6b,exp: requirements quebrado (lib fake),failure,14.0,tests,2026-06-07T14:20:12Z,Instalar dependências,completed,2026-06-07T14:20:06Z,2026-06-07T14:20:11Z,5.0,,1,2026-06-07T14:19:59Z,0,setup_failure
27095126439,b083c6b,exp: requirements quebrado (lib fake),failure,14.0,tests,2026-06-07T14:20:12Z,Executar testes,completed,2026-06-07T14:20:11Z,2026-06-07T14:20:11Z,0.0,,1,2026-06-07T14:19:59Z,0,setup_failure
27095126439,b083c6b,exp: requirements quebrado (lib fake),failure,14.0,tests,2026-06-07T14:20:12Z,Gerar artefato com resultados,completed,2026-06-07T14:20:11Z,2026-06-07T14:20:11Z,0.0,,1,2026-06-07T14:19:59Z,0,setup_failure
27095126439,b083c6b,exp: requirements quebrado (lib fake),failure,14.0,tests,2026-06-07T14:20:12Z,Post Setup Python,completed,2026-06-07T14:20:11Z,2026-06-07T14:20:11Z,0.0,,1,2026-06-07T14:19:59Z,0,setup_failure
27095126439,b083c6b,exp: requirements quebrado (lib fake),failure,14.0,tests,2026-06-07T14:20:12Z,Post Checkout código,completed,2026-06-07T14:20:11Z,2026-06-07T14:20:11Z,0.0,,1,2026-06-07T14:19:59Z,0,setup_failure
27095126439,b083c6b,exp: requirements quebrado (lib fake),failure,14.0,tests,2026-06-07T14:20:12Z,Complete job,completed,2026-06-07T14:20:11Z,2026-06-07T14:20:11Z,0.0,,1,2026-06-07T14:19:59Z,0,setup_failure
27095126439,b083c6b,exp: requirements quebrado (lib fake),failure,14.0,lint,2026-06-07T14:20:12Z,Set up job,completed,2026-06-07T14:20:02Z,2026-06-07T14:20:03Z,1.0,,1,2026-06-07T14:19:59Z,0,setup_failure
27095126439,b083c6b,exp: requirements quebrado (lib fake),failure,14.0,lint,2026-06-07T14:20:12Z,Checkout código,completed,2026-06-07T14:20:03Z,2026-06-07T14:20:03Z,0.0,,1,2026-06-07T14:19:59Z,0,setup_failure
27095126439,b083c6b,exp: requirements quebrado (lib fake),failure,14.0,lint,2026-06-07T14:20:12Z,Setup Python,completed,2026-06-07T14:20:03Z,2026-06-07T14:20:07Z,4.0,,1,2026-06-07T14:19:59Z,0,setup_failure
27095126439,b083c6b,exp: requirements quebrado (lib fake),failure,14.0,lint,2026-06-07T14:20:12Z,Instalar dependências,completed,2026-06-07T14:20:07Z,2026-06-07T14:20:11Z,4.0,,1,2026-06-07T14:19:59Z,0,setup_failure
27095126439,b083c6b,exp: requirements quebrado (lib fake),failure,14.0,lint,2026-06-07T14:20:12Z,Lint com flake8,completed,2026-06-07T14:20:11Z,2026-06-07T14:20:11Z,0.0,,1,2026-06-07T14:19:59Z,0,setup_failure
27095126439,b083c6b,exp: requirements quebrado (lib fake),failure,14.0,lint,2026-06-07T14:20:12Z,Post Setup Python,completed,2026-06-07T14:20:11Z,2026-06-07T14:20:11Z,0.0,,1,2026-06-07T14:19:59Z,0,setup_failure
27095126439,b083c6b,exp: requirements quebrado (lib fake),failure,14.0,lint,2026-06-07T14:20:12Z,Post Checkout código,completed,2026-06-07T14:20:11Z,2026-06-07T14:20:11Z,0.0,,1,2026-06-07T14:19:59Z,0,setup_failure
27095126439,b083c6b,exp: requirements quebrado (lib fake),failure,14.0,lint,2026-06-07T14:20:12Z,Complete job,completed,2026-06-07T14:20:11Z,2026-06-07T14:20:11Z,0.0,,1,2026-06-07T14:19:59Z,0,setup_failure
27095052830,a2de59c,exp: + 150 testes,success,38.0,lint,2026-06-07T14:17:21Z,Set up job,completed,2026-06-07T14:16:51Z,2026-06-07T14:16:52Z,1.0,0,0,2026-06-07T14:16:46Z,874,
27095052830,a2de59c,exp: + 150 testes,success,38.0,lint,2026-06-07T14:17:21Z,Checkout código,completed,2026-06-07T14:16:52Z,2026-06-07T14:16:53Z,1.0,0,0,2026-06-07T14:16:46Z,874,
27095052830,a2de59c,exp: + 150 testes,success,38.0,lint,2026-06-07T14:17:21Z,Setup Python,completed,2026-06-07T14:16:53Z,2026-06-07T14:16:57Z,4.0,0,0,2026-06-07T14:16:46Z,874,
27095052830,a2de59c,exp: + 150 testes,success,38.0,lint,2026-06-07T14:17:21Z,Instalar dependências,completed,2026-06-07T14:16:57Z,2026-06-07T14:17:17Z,20.0,0,0,2026-06-07T14:16:46Z,874,
27095052830,a2de59c,exp: + 150 testes,success,38.0,lint,2026-06-07T14:17:21Z,Lint com flake8,completed,2026-06-07T14:17:17Z,2026-06-07T14:17:17Z,0.0,0,0,2026-06-07T14:16:46Z,874,
27095052830,a2de59c,exp: + 150 testes,success,38.0,lint,2026-06-07T14:17:21Z,Post Setup Python,completed,2026-06-07T14:17:17Z,2026-06-07T14:17:17Z,0.0,0,0,2026-06-07T14:16:46Z,874,
27095052830,a2de59c,exp: + 150 testes,success,38.0,lint,2026-06-07T14:17:21Z,Post Checkout código,completed,2026-06-07T14:17:17Z,2026-06-07T14:17:18Z,1.0,0,0,2026-06-07T14:16:46Z,874,
27095052830,a2de59c,exp: + 150 testes,success,38.0,lint,2026-06-07T14:17:21Z,Complete job,completed,2026-06-07T14:17:18Z,2026-06-07T14:17:18Z,0.0,0,0,2026-06-07T14:16:46Z,874,
27095052830,a2de59c,exp: + 150 testes,success,38.0,tests,2026-06-07T14:17:23Z,Set up job,completed,2026-06-07T14:16:50Z,2026-06-07T14:16:51Z,1.0,0,0,2026-06-07T14:16:46Z,874,
27095052830,a2de59c,exp: + 150 testes,success,38.0,tests,2026-06-07T14:17:23Z,Checkout código,completed,2026-06-07T14:16:51Z,2026-06-07T14:16:51Z,0.0,0,0,2026-06-07T14:16:46Z,874,
27095052830,a2de59c,exp: + 150 testes,success,38.0,tests,2026-06-07T14:17:23Z,Setup Python,completed,2026-06-07T14:16:51Z,2026-06-07T14:16:55Z,4.0,0,0,2026-06-07T14:16:46Z,874,
27095052830,a2de59c,exp: + 150 testes,success,38.0,tests,2026-06-07T14:17:23Z,Instalar dependências,completed,2026-06-07T14:16:55Z,2026-06-07T14:17:12Z,17.0,0,0,2026-06-07T14:16:46Z,874,
27095052830,a2de59c,exp: + 150 testes,success,38.0,tests,2026-06-07T14:17:23Z,Executar testes,completed,2026-06-07T14:17:12Z,2026-06-07T14:17:18Z,6.0,0,0,2026-06-07T14:16:46Z,874,
27095052830,a2de59c,exp: + 150 testes,success,38.0,tests,2026-06-07T14:17:23Z,Gerar artefato com resultados,completed,2026-06-07T14:17:18Z,2026-06-07T14:17:20Z,2.0,0,0,2026-06-07T14:16:46Z,874,
27095052830,a2de59c,exp: + 150 testes,success,38.0,tests,2026-06-07T14:17:23Z,Post Setup Python,completed,2026-06-07T14:17:20Z,2026-06-07T14:17:20Z,0.0,0,0,2026-06-07T14:16:46Z,874,
27095052830,a2de59c,exp: + 150 testes,success,38.0,tests,2026-06-07T14:17:23Z,Post Checkout código,completed,2026-06-07T14:17:20Z,2026-06-07T14:17:20Z,0.0,0,0,2026-06-07T14:16:46Z,874,
27095052830,a2de59c,exp: + 150 testes,success,38.0,tests,2026-06-07T14:17:23Z,Complete job,completed,2026-06-07T14:17:20Z,2026-06-07T14:17:20Z,0.0,0,0,2026-06-07T14:16:46Z,874,
27095034559,595eca1,exp: + 50 testes,success,36.0,lint,2026-06-07T14:16:25Z,Set up job,completed,2026-06-07T14:16:04Z,2026-06-07T14:16:04Z,0.0,0,0,2026-06-07T14:16:01Z,581,
27095034559,595eca1,exp: + 50 testes,success,36.0,lint,2026-06-07T14:16:25Z,Checkout código,completed,2026-06-07T14:16:04Z,2026-06-07T14:16:05Z,1.0,0,0,2026-06-07T14:16:01Z,581,
27095034559,595eca1,exp: + 50 testes,success,36.0,lint,2026-06-07T14:16:25Z,Setup Python,completed,2026-06-07T14:16:05Z,2026-06-07T14:16:07Z,2.0,0,0,2026-06-07T14:16:01Z,581,
27095034559,595eca1,exp: + 50 testes,success,36.0,lint,2026-06-07T14:16:25Z,Instalar dependências,completed,2026-06-07T14:16:07Z,2026-06-07T14:16:22Z,15.0,0,0,2026-06-07T14:16:01Z,581,
27095034559,595eca1,exp: + 50 testes,success,36.0,lint,2026-06-07T14:16:25Z,Lint com flake8,completed,2026-06-07T14:16:22Z,2026-06-07T14:16:23Z,1.0,0,0,2026-06-07T14:16:01Z,581,
27095034559,595eca1,exp: + 50 testes,success,36.0,lint,2026-06-07T14:16:25Z,Post Setup Python,completed,2026-06-07T14:16:23Z,2026-06-07T14:16:23Z,0.0,0,0,2026-06-07T14:16:01Z,581,
27095034559,595eca1,exp: + 50 testes,success,36.0,lint,2026-06-07T14:16:25Z,Post Checkout código,completed,2026-06-07T14:16:23Z,2026-06-07T14:16:23Z,0.0,0,0,2026-06-07T14:16:01Z,581,
27095034559,595eca1,exp: + 50 testes,success,36.0,lint,2026-06-07T14:16:25Z,Complete job,completed,2026-06-07T14:16:23Z,2026-06-07T14:16:23Z,0.0,0,0,2026-06-07T14:16:01Z,581,
27095034559,595eca1,exp: + 50 testes,success,36.0,tests,2026-06-07T14:16:36Z,Set up job,completed,2026-06-07T14:16:04Z,2026-06-07T14:16:04Z,0.0,0,0,2026-06-07T14:16:01Z,581,
27095034559,595eca1,exp: + 50 testes,success,36.0,tests,2026-06-07T14:16:36Z,Checkout código,completed,2026-06-07T14:16:04Z,2026-06-07T14:16:05Z,1.0,0,0,2026-06-07T14:16:01Z,581,
27095034559,595eca1,exp: + 50 testes,success,36.0,tests,2026-06-07T14:16:36Z,Setup Python,completed,2026-06-07T14:16:05Z,2026-06-07T14:16:08Z,3.0,0,0,2026-06-07T14:16:01Z,581,
27095034559,595eca1,exp: + 50 testes,success,36.0,tests,2026-06-07T14:16:36Z,Instalar dependências,completed,2026-06-07T14:16:08Z,2026-06-07T14:16:26Z,18.0,0,0,2026-06-07T14:16:01Z,581,
27095034559,595eca1,exp: + 50 testes,success,36.0,tests,2026-06-07T14:16:36Z,Executar testes,completed,2026-06-07T14:16:26Z,2026-06-07T14:16:33Z,7.0,0,0,2026-06-07T14:16:01Z,581,
27095034559,595eca1,exp: + 50 testes,success,36.0,tests,2026-06-07T14:16:36Z,Gerar artefato com resultados,completed,2026-06-07T14:16:33Z,2026-06-07T14:16:34Z,1.0,0,0,2026-06-07T14:16:01Z,581,
27095034559,595eca1,exp: + 50 testes,success,36.0,tests,2026-06-07T14:16:36Z,Post Setup Python,completed,2026-06-07T14:16:34Z,2026-06-07T14:16:34Z,0.0,0,0,2026-06-07T14:16:01Z,581,
27095034559,595eca1,exp: + 50 testes,success,36.0,tests,2026-06-07T14:16:36Z,Post Checkout código,completed,2026-06-07T14:16:34Z,2026-06-07T14:16:34Z,0.0,0,0,2026-06-07T14:16:01Z,581,
27095034559,595eca1,exp: + 50 testes,success,36.0,tests,2026-06-07T14:16:36Z,Complete job,completed,2026-06-07T14:16:34Z,2026-06-07T14:16:34Z,0.0,0,0,2026-06-07T14:16:01Z,581,
27094915826,b8468c3,exp: teste falhando,failure,34.0,lint,2026-06-07T14:11:29Z,Set up job,completed,2026-06-07T14:11:03Z,2026-06-07T14:11:03Z,0.0,,1,2026-06-07T14:10:59Z,0,test_failure
27094915826,b8468c3,exp: teste falhando,failure,34.0,lint,2026-06-07T14:11:29Z,Checkout código,completed,2026-06-07T14:11:03Z,2026-06-07T14:11:04Z,1.0,,1,2026-06-07T14:10:59Z,0,test_failure
27094915826,b8468c3,exp: teste falhando,failure,34.0,lint,2026-06-07T14:11:29Z,Setup Python,completed,2026-06-07T14:11:04Z,2026-06-07T14:11:07Z,3.0,,1,2026-06-07T14:10:59Z,0,test_failure
27094915826,b8468c3,exp: teste falhando,failure,34.0,lint,2026-06-07T14:11:29Z,Instalar dependências,completed,2026-06-07T14:11:07Z,2026-06-07T14:11:26Z,19.0,,1,2026-06-07T14:10:59Z,0,test_failure
27094915826,b8468c3,exp: teste falhando,failure,34.0,lint,2026-06-07T14:11:29Z,Lint com flake8,completed,2026-06-07T14:11:26Z,2026-06-07T14:11:26Z,0.0,,1,2026-06-07T14:10:59Z,0,test_failure
27094915826,b8468c3,exp: teste falhando,failure,34.0,lint,2026-06-07T14:11:29Z,Post Setup Python,completed,2026-06-07T14:11:26Z,2026-06-07T14:11:27Z,1.0,,1,2026-06-07T14:10:59Z,0,test_failure
27094915826,b8468c3,exp: teste falhando,failure,34.0,lint,2026-06-07T14:11:29Z,Post Checkout código,completed,2026-06-07T14:11:27Z,2026-06-07T14:11:27Z,0.0,,1,2026-06-07T14:10:59Z,0,test_failure
27094915826,b8468c3,exp: teste falhando,failure,34.0,lint,2026-06-07T14:11:29Z,Complete job,completed,2026-06-07T14:11:27Z,2026-06-07T14:11:27Z,0.0,,1,2026-06-07T14:10:59Z,0,test_failure
27094915826,b8468c3,exp: teste falhando,failure,34.0,tests,2026-06-07T14:11:32Z,Set up job,completed,2026-06-07T14:11:02Z,2026-06-07T14:11:03Z,1.0,,1,2026-06-07T14:10:59Z,0,test_failure
27094915826,b8468c3,exp: teste falhando,failure,34.0,tests,2026-06-07T14:11:32Z,Checkout código,completed,2026-06-07T14:11:03Z,2026-06-07T14:11:03Z,0.0,,1,2026-06-07T14:10:59Z,0,test_failure
27094915826,b8468c3,exp: teste falhando,failure,34.0,tests,2026-06-07T14:11:32Z,Setup Python,completed,2026-06-07T14:11:03Z,2026-06-07T14:11:05Z,2.0,,1,2026-06-07T14:10:59Z,0,test_failure
27094915826,b8468c3,exp: teste falhando,failure,34.0,tests,2026-06-07T14:11:32Z,Instalar dependências,completed,2026-06-07T14:11:05Z,2026-06-07T14:11:24Z,19.0,,1,2026-06-07T14:10:59Z,0,test_failure
27094915826,b8468c3,exp: teste falhando,failure,34.0,tests,2026-06-07T14:11:32Z,Executar testes,completed,2026-06-07T14:11:24Z,2026-06-07T14:11:30Z,6.0,,1,2026-06-07T14:10:59Z,0,test_failure
27094915826,b8468c3,exp: teste falhando,failure,34.0,tests,2026-06-07T14:11:32Z,Gerar artefato com resultados,completed,2026-06-07T14:11:30Z,2026-06-07T14:11:30Z,0.0,,1,2026-06-07T14:10:59Z,0,test_failure
27094915826,b8468c3,exp: teste falhando,failure,34.0,tests,2026-06-07T14:11:32Z,Post Setup Python,completed,2026-06-07T14:11:30Z,2026-06-07T14:11:30Z,0.0,,1,2026-06-07T14:10:59Z,0,test_failure
27094915826,b8468c3,exp: teste falhando,failure,34.0,tests,2026-06-07T14:11:32Z,Post Checkout código,completed,2026-06-07T14:11:30Z,2026-06-07T14:11:30Z,0.0,,1,2026-06-07T14:10:59Z,0,test_failure
27094915826,b8468c3,exp: teste falhando,failure,34.0,tests,2026-06-07T14:11:32Z,Complete job,completed,2026-06-07T14:11:30Z,2026-06-07T14:11:30Z,0.0,,1,2026-06-07T14:10:59Z,0,test_failure
